{
    "devi": {
        "app_function": "function.app",
        "aws_region": "us-east-1",
        "exclude": [
            "boto3",
            "dateutil",
            "botocore",
            "s3transfer",
            "concurrent"
        ],
        "profile_name": "default",
        "project_name": "zappacsv",
        "runtime": "python3.10",
        "s3_bucket": "zappa-wdvazzhxx",
        "keep_warm": false,
        "apigateway_enabled": false,
        "manage_roles": false,
        "role_name": "LabRole",
        "events": [
            {
                "function": "function.app",
                "event_source": {
                    "arn": "arn:aws:s3:::bucket-zappascrap",
                    "events": ["s3:ObjectCreated:*"],
                    "filters": {
                        "Key": [
                            {"Name": "suffix", "Value": ".html"}
                        ]
                    }
                }
            }
        ]
    }
}
