{"Description":"Automatically generated with Zappa","Resources":{"ANY0":{"Properties":{"ApiKeyRequired":false,"AuthorizationType":"NONE","HttpMethod":"ANY","Integration":{"CacheKeyParameters":[],"CacheNamespace":"none","Credentials":"arn:aws:iam::715406264161:role/LabRole","IntegrationHttpMethod":"POST","IntegrationResponses":[],"PassthroughBehavior":"NEVER","Type":"AWS_PROXY","Uri":"arn:aws:apigateway:us-east-1:lambda:path/2015-03-31/functions/arn:aws:lambda:us-east-1:715406264161:function:zappacsv-devi/invocations"},"MethodResponses":[],"ResourceId":{"Fn::GetAtt":["Api","RootResourceId"]},"RestApiId":{"Ref":"Api"}},"Type":"AWS::ApiGateway::Method"},"ANY1":{"Properties":{"ApiKeyRequired":false,"AuthorizationType":"NONE","HttpMethod":"ANY","Integration":{"CacheKeyParameters":[],"CacheNamespace":"none","Credentials":"arn:aws:iam::715406264161:role/LabRole","IntegrationHttpMethod":"POST","IntegrationResponses":[],"PassthroughBehavior":"NEVER","Type":"AWS_PROXY","Uri":"arn:aws:apigateway:us-east-1:lambda:path/2015-03-31/functions/arn:aws:lambda:us-east-1:715406264161:function:zappacsv-devi/invocations"},"MethodResponses":[],"ResourceId":{"Ref":"ResourceAnyPathSlashed"},"RestApiId":{"Ref":"Api"}},"Type":"AWS::ApiGateway::Method"},"Api":{"Properties":{"Description":"Created automatically by Zappa.","Name":"zappacsv-devi"},"Type":"AWS::ApiGateway::RestApi"},"ResourceAnyPathSlashed":{"Properties":{"ParentId":{"Fn::GetAtt":["Api","RootResourceId"]},"PathPart":"{proxy+}","RestApiId":{"Ref":"Api"}},"Type":"AWS::ApiGateway::Resource"}}}